[ {
  "@id" : "http://ontology.travelagency.org",
  "@type" : [ "http://www.w3.org/2002/07/owl#Ontology" ],
  "http://www.w3.org/2002/07/owl#imports" : [ {
    "@id" : "http://ontology.eil.utoronto.ca/icity/Contact/1.0/"
  }, {
    "@id" : "http://purl.org/acco/ns#"
  } ]
}, {
  "@id" : "http://ontology.travelagency.org#Accomodation",
  "@type" : [ "http://www.w3.org/2002/07/owl#Class" ],
  "http://www.w3.org/2000/01/rdf-schema#comment" : [ {
    "@language" : "en",
    "@value" : "An accomodation where a person can temporary Accomodation. When he/she is on a holiday or a business trip."
  } ],
  "http://www.w3.org/2000/01/rdf-schema#label" : [ {
    "@language" : "en",
    "@value" : "Accomodation"
  } ],
  "http://www.w3.org/2002/07/owl#disjointWith" : [ {
    "@id" : "http://ontology.travelagency.org#Booking"
  }, {
    "@id" : "http://ontology.travelagency.org#Customer"
  }, {
    "@id" : "http://ontology.travelagency.org#Employee"
  }, {
    "@id" : "http://ontology.travelagency.org#Person"
  }, {
    "@id" : "http://ontology.travelagency.org#Transportation"
  }, {
    "@id" : "http://ontology.travelagency.org#Travelling_agency"
  } ]
}, {
  "@id" : "http://ontology.travelagency.org#AccomodationName",
  "@type" : [ "http://www.w3.org/2002/07/owl#DatatypeProperty" ],
  "http://www.w3.org/2000/01/rdf-schema#comment" : [ {
    "@language" : "en",
    "@value" : "The name of the Accomodation."
  } ],
  "http://www.w3.org/2000/01/rdf-schema#domain" : [ {
    "@id" : "http://ontology.travelagency.org#Accomodation"
  } ],
  "http://www.w3.org/2000/01/rdf-schema#label" : [ {
    "@language" : "en",
    "@value" : "AccomodationName"
  } ],
  "http://www.w3.org/2000/01/rdf-schema#range" : [ {
    "@id" : "http://www.w3.org/2001/XMLSchema#Name"
  } ]
}, {
  "@id" : "http://ontology.travelagency.org#Agency_name",
  "@type" : [ "http://www.w3.org/2002/07/owl#DatatypeProperty" ],
  "http://www.w3.org/2000/01/rdf-schema#domain" : [ {
    "@id" : "http://ontology.travelagency.org#Travelling_agency"
  } ],
  "http://www.w3.org/2000/01/rdf-schema#range" : [ {
    "@id" : "http://www.w3.org/2001/XMLSchema#string"
  } ]
}, {
  "@id" : "http://ontology.travelagency.org#AllowsAccessTo",
  "@type" : [ "http://www.w3.org/2002/07/owl#ObjectProperty", "http://www.w3.org/2002/07/owl#AsymmetricProperty", "http://www.w3.org/2002/07/owl#IrreflexiveProperty" ],
  "http://www.w3.org/2000/01/rdf-schema#comment" : [ {
    "@language" : "en",
    "@value" : "A Booking allows acces to a specific method of transportation and a transportation has 1 or more bookings"
  } ],
  "http://www.w3.org/2000/01/rdf-schema#domain" : [ {
    "@id" : "http://ontology.travelagency.org#Booking"
  } ],
  "http://www.w3.org/2000/01/rdf-schema#label" : [ {
    "@language" : "en",
    "@value" : "AllowsAccessTo"
  } ],
  "http://www.w3.org/2000/01/rdf-schema#range" : [ {
    "@id" : "http://ontology.travelagency.org#Transportation"
  } ]
}, {
  "@id" : "http://ontology.travelagency.org#At",
  "@type" : [ "http://www.w3.org/2002/07/owl#ObjectProperty", "http://www.w3.org/2002/07/owl#FunctionalProperty", "http://www.w3.org/2002/07/owl#SymmetricProperty", "http://www.w3.org/2002/07/owl#IrreflexiveProperty" ],
  "http://www.w3.org/2000/01/rdf-schema#comment" : [ {
    "@language" : "en",
    "@value" : "Every place can have many Accomodations but every Accomodation is located in only one place"
  } ],
  "http://www.w3.org/2000/01/rdf-schema#domain" : [ {
    "@id" : "http://ontology.travelagency.org#Accomodation"
  } ],
  "http://www.w3.org/2000/01/rdf-schema#label" : [ {
    "@language" : "en",
    "@value" : "At"
  } ],
  "http://www.w3.org/2000/01/rdf-schema#range" : [ {
    "@id" : "http://ontology.travelagency.org#Place"
  } ]
}, {
  "@id" : "http://ontology.travelagency.org#BeginDate",
  "@type" : [ "http://www.w3.org/2002/07/owl#DatatypeProperty" ],
  "http://www.w3.org/2000/01/rdf-schema#comment" : [ {
    "@language" : "en",
    "@value" : "The date at which a guest arrives at the Accomodation."
  } ],
  "http://www.w3.org/2000/01/rdf-schema#domain" : [ {
    "@id" : "http://ontology.travelagency.org#BookingAccomodation"
  } ],
  "http://www.w3.org/2000/01/rdf-schema#label" : [ {
    "@language" : "en",
    "@value" : "BeginDate"
  } ],
  "http://www.w3.org/2000/01/rdf-schema#range" : [ {
    "@id" : "http://www.w3.org/2001/XMLSchema#dateTime"
  } ]
}, {
  "@id" : "http://ontology.travelagency.org#Booking",
  "@type" : [ "http://www.w3.org/2002/07/owl#Class" ],
  "http://www.w3.org/2000/01/rdf-schema#comment" : [ {
    "@language" : "en",
    "@value" : "A booking has all the information needed for an arrangement at a specific location such as a tickets, etc."
  } ],
  "http://www.w3.org/2000/01/rdf-schema#label" : [ {
    "@language" : "en",
    "@value" : "Booking"
  } ],
  "http://www.w3.org/2002/07/owl#disjointWith" : [ {
    "@id" : "http://ontology.travelagency.org#Customer"
  }, {
    "@id" : "http://ontology.travelagency.org#Employee"
  }, {
    "@id" : "http://ontology.travelagency.org#Person"
  }, {
    "@id" : "http://ontology.travelagency.org#Place"
  }, {
    "@id" : "http://ontology.travelagency.org#Transportation"
  }, {
    "@id" : "http://ontology.travelagency.org#Travelling_agency"
  } ]
}, {
  "@id" : "http://ontology.travelagency.org#BookingAccomodation",
  "@type" : [ "http://www.w3.org/2002/07/owl#Class" ],
  "http://www.w3.org/2000/01/rdf-schema#comment" : [ {
    "@language" : "en",
    "@value" : "A booking for a Accomodation needs some extra information about the date of the Accomodation. This information can be described by  the attributes of the BookingAccomodation."
  } ],
  "http://www.w3.org/2000/01/rdf-schema#label" : [ {
    "@language" : "en",
    "@value" : "BookingAccomodation"
  } ],
  "http://www.w3.org/2000/01/rdf-schema#subClassOf" : [ {
    "@id" : "http://ontology.travelagency.org#Booking"
  } ]
}, {
  "@id" : "http://ontology.travelagency.org#BooksA",
  "@type" : [ "http://www.w3.org/2002/07/owl#ObjectProperty", "http://www.w3.org/2002/07/owl#InverseFunctionalProperty", "http://www.w3.org/2002/07/owl#AsymmetricProperty", "http://www.w3.org/2002/07/owl#IrreflexiveProperty" ],
  "http://www.w3.org/2000/01/rdf-schema#comment" : [ {
    "@language" : "en",
    "@value" : "A travel Agency can make multiple bookings, but a booking can only be made by one travel ageceny."
  } ],
  "http://www.w3.org/2000/01/rdf-schema#domain" : [ {
    "@id" : "http://ontology.travelagency.org#Travelling_agency"
  } ],
  "http://www.w3.org/2000/01/rdf-schema#label" : [ {
    "@language" : "en",
    "@value" : "BooksA"
  } ],
  "http://www.w3.org/2000/01/rdf-schema#range" : [ {
    "@id" : "http://ontology.travelagency.org#Booking"
  } ]
}, {
  "@id" : "http://ontology.travelagency.org#Capacity",
  "@type" : [ "http://www.w3.org/2002/07/owl#DatatypeProperty" ],
  "http://www.w3.org/2000/01/rdf-schema#domain" : [ {
    "@id" : "http://ontology.travelagency.org#POI"
  } ],
  "http://www.w3.org/2000/01/rdf-schema#range" : [ {
    "@id" : "http://www.w3.org/2001/XMLSchema#int"
  } ]
}, {
  "@id" : "http://ontology.travelagency.org#City",
  "@type" : [ "http://www.w3.org/2002/07/owl#DatatypeProperty" ],
  "http://www.w3.org/2000/01/rdf-schema#comment" : [ {
    "@language" : "en",
    "@value" : "A name that identifies a city in a country."
  } ],
  "http://www.w3.org/2000/01/rdf-schema#domain" : [ {
    "@id" : "http://ontology.travelagency.org#Place"
  } ],
  "http://www.w3.org/2000/01/rdf-schema#label" : [ {
    "@language" : "en",
    "@value" : "City"
  } ],
  "http://www.w3.org/2000/01/rdf-schema#range" : [ {
    "@id" : "http://www.w3.org/2001/XMLSchema#string"
  } ]
}, {
  "@id" : "http://ontology.travelagency.org#ComesFrom",
  "@type" : [ "http://www.w3.org/2002/07/owl#ObjectProperty", "http://www.w3.org/2002/07/owl#FunctionalProperty", "http://www.w3.org/2002/07/owl#AsymmetricProperty", "http://www.w3.org/2002/07/owl#IrreflexiveProperty" ],
  "http://www.w3.org/2000/01/rdf-schema#comment" : [ {
    "@language" : "en",
    "@value" : "A vehicle comes from exactly one place before it can go to another"
  } ],
  "http://www.w3.org/2000/01/rdf-schema#domain" : [ {
    "@id" : "http://ontology.travelagency.org#Transportation"
  } ],
  "http://www.w3.org/2000/01/rdf-schema#label" : [ {
    "@language" : "en",
    "@value" : "ComesFrom"
  } ],
  "http://www.w3.org/2000/01/rdf-schema#range" : [ {
    "@id" : "http://ontology.travelagency.org#Place"
  } ]
}, {
  "@id" : "http://ontology.travelagency.org#CountryName",
  "@type" : [ "http://www.w3.org/2002/07/owl#DatatypeProperty" ],
  "http://www.w3.org/2000/01/rdf-schema#comment" : [ {
    "@language" : "en",
    "@value" : "Official languages of a place"
  } ],
  "http://www.w3.org/2000/01/rdf-schema#domain" : [ {
    "@id" : "http://ontology.travelagency.org#Place"
  } ],
  "http://www.w3.org/2000/01/rdf-schema#label" : [ {
    "@language" : "en",
    "@value" : "Official_language"
  } ],
  "http://www.w3.org/2000/01/rdf-schema#range" : [ {
    "@id" : "http://www.w3.org/2001/XMLSchema#string"
  } ]
}, {
  "@id" : "http://ontology.travelagency.org#Customer",
  "@type" : [ "http://www.w3.org/2002/07/owl#Class" ],
  "http://www.w3.org/2000/01/rdf-schema#comment" : [ {
    "@language" : "en",
    "@value" : "A customer is a person who contacts travelling agency to book a Accomodation , transportation"
  } ],
  "http://www.w3.org/2000/01/rdf-schema#label" : [ {
    "@language" : "en",
    "@value" : "Customer"
  } ],
  "http://www.w3.org/2000/01/rdf-schema#subClassOf" : [ {
    "@id" : "http://ontology.travelagency.org#Person"
  } ],
  "http://www.w3.org/2002/07/owl#disjointWith" : [ {
    "@id" : "http://ontology.travelagency.org#Place"
  }, {
    "@id" : "http://ontology.travelagency.org#Transportation"
  }, {
    "@id" : "http://ontology.travelagency.org#Travelling_agency"
  } ]
}, {
  "@id" : "http://ontology.travelagency.org#Duration",
  "@type" : [ "http://www.w3.org/2002/07/owl#DatatypeProperty" ],
  "http://www.w3.org/2000/01/rdf-schema#comment" : [ {
    "@language" : "en",
    "@value" : "The time needed for the transportation method to go from the starting point to the end point."
  } ],
  "http://www.w3.org/2000/01/rdf-schema#domain" : [ {
    "@id" : "http://ontology.travelagency.org#Transportation"
  } ],
  "http://www.w3.org/2000/01/rdf-schema#label" : [ {
    "@language" : "en",
    "@value" : "Duration"
  } ],
  "http://www.w3.org/2000/01/rdf-schema#range" : [ {
    "@id" : "http://www.w3.org/2001/XMLSchema#int"
  } ]
}, {
  "@id" : "http://ontology.travelagency.org#Employee",
  "@type" : [ "http://www.w3.org/2002/07/owl#Class" ],
  "http://www.w3.org/2000/01/rdf-schema#comment" : [ {
    "@language" : "en",
    "@value" : "An Employee works at the travelling agency"
  } ],
  "http://www.w3.org/2000/01/rdf-schema#label" : [ {
    "@language" : "en",
    "@value" : "Employee"
  } ],
  "http://www.w3.org/2000/01/rdf-schema#subClassOf" : [ {
    "@id" : "http://ontology.travelagency.org#Person"
  } ],
  "http://www.w3.org/2002/07/owl#disjointWith" : [ {
    "@id" : "http://ontology.travelagency.org#Place"
  }, {
    "@id" : "http://ontology.travelagency.org#Transportation"
  }, {
    "@id" : "http://ontology.travelagency.org#Travelling_agency"
  } ]
}, {
  "@id" : "http://ontology.travelagency.org#EndDate",
  "@type" : [ "http://www.w3.org/2002/07/owl#DatatypeProperty" ],
  "http://www.w3.org/2000/01/rdf-schema#comment" : [ {
    "@language" : "en",
    "@value" : "The date at which a guest leaves the Accomodation."
  } ],
  "http://www.w3.org/2000/01/rdf-schema#domain" : [ {
    "@id" : "http://ontology.travelagency.org#BookingAccomodation"
  } ],
  "http://www.w3.org/2000/01/rdf-schema#label" : [ {
    "@language" : "en",
    "@value" : "EndDate"
  } ],
  "http://www.w3.org/2000/01/rdf-schema#range" : [ {
    "@id" : "http://www.w3.org/2001/XMLSchema#dateTime"
  } ]
}, {
  "@id" : "http://ontology.travelagency.org#EndTimeDate",
  "@type" : [ "http://www.w3.org/2002/07/owl#DatatypeProperty" ],
  "http://www.w3.org/2000/01/rdf-schema#comment" : [ {
    "@language" : "en",
    "@value" : "The time and date that a transportation method arrives at its destination."
  } ],
  "http://www.w3.org/2000/01/rdf-schema#domain" : [ {
    "@id" : "http://ontology.travelagency.org#Transportation"
  } ],
  "http://www.w3.org/2000/01/rdf-schema#label" : [ {
    "@language" : "en",
    "@value" : "EndTimeDate"
  } ],
  "http://www.w3.org/2000/01/rdf-schema#range" : [ {
    "@id" : "http://www.w3.org/2001/XMLSchema#dateTime"
  } ]
}, {
  "@id" : "http://ontology.travelagency.org#FirstName",
  "@type" : [ "http://www.w3.org/2002/07/owl#DatatypeProperty" ],
  "http://www.w3.org/2000/01/rdf-schema#comment" : [ {
    "@language" : "en",
    "@value" : "First name of a person"
  } ],
  "http://www.w3.org/2000/01/rdf-schema#domain" : [ {
    "@id" : "http://ontology.travelagency.org#Person"
  } ],
  "http://www.w3.org/2000/01/rdf-schema#label" : [ {
    "@language" : "en",
    "@value" : "FirstName"
  } ],
  "http://www.w3.org/2000/01/rdf-schema#range" : [ {
    "@id" : "http://www.w3.org/2001/XMLSchema#string"
  } ]
}, {
  "@id" : "http://ontology.travelagency.org#GoesTo",
  "@type" : [ "http://www.w3.org/2002/07/owl#ObjectProperty", "http://www.w3.org/2002/07/owl#AsymmetricProperty", "http://www.w3.org/2002/07/owl#IrreflexiveProperty" ],
  "http://www.w3.org/2000/01/rdf-schema#comment" : [ {
    "@value" : "each transportation goes to only one place but its is possible for every place not to be accessed by any transportation"
  } ],
  "http://www.w3.org/2000/01/rdf-schema#domain" : [ {
    "@id" : "http://ontology.travelagency.org#Transportation"
  } ],
  "http://www.w3.org/2000/01/rdf-schema#label" : [ {
    "@value" : "GoesTo"
  } ],
  "http://www.w3.org/2000/01/rdf-schema#range" : [ {
    "@id" : "http://ontology.travelagency.org#Place"
  } ]
}, {
  "@id" : "http://ontology.travelagency.org#Has",
  "@type" : [ "http://www.w3.org/2002/07/owl#ObjectProperty", "http://www.w3.org/2002/07/owl#SymmetricProperty", "http://www.w3.org/2002/07/owl#IrreflexiveProperty" ],
  "http://www.w3.org/2000/01/rdf-schema#comment" : [ {
    "@language" : "en",
    "@value" : "A booking can include a booking at multiple Accomodations at the same date and a Accomodation can be included in multiple different bookings."
  } ],
  "http://www.w3.org/2000/01/rdf-schema#domain" : [ {
    "@id" : "http://ontology.travelagency.org#BookingAccomodation"
  } ],
  "http://www.w3.org/2000/01/rdf-schema#label" : [ {
    "@language" : "en",
    "@value" : "Has"
  } ],
  "http://www.w3.org/2000/01/rdf-schema#range" : [ {
    "@id" : "http://ontology.travelagency.org#Accomodation"
  } ]
}, {
  "@id" : "http://ontology.travelagency.org#HasAccomodationType",
  "@type" : [ "http://www.w3.org/2002/07/owl#ObjectProperty", "http://www.w3.org/2002/07/owl#FunctionalProperty", "http://www.w3.org/2002/07/owl#IrreflexiveProperty" ],
  "http://www.w3.org/2000/01/rdf-schema#domain" : [ {
    "@id" : "http://ontology.travelagency.org#Accomodation"
  } ],
  "http://www.w3.org/2000/01/rdf-schema#range" : [ {
    "@id" : "http://purl.org/acco/ns#Accommodation"
  } ]
}, {
  "@id" : "http://ontology.travelagency.org#HasAddress",
  "@type" : [ "http://www.w3.org/2002/07/owl#ObjectProperty", "http://www.w3.org/2002/07/owl#FunctionalProperty", "http://www.w3.org/2002/07/owl#IrreflexiveProperty" ],
  "http://www.w3.org/2000/01/rdf-schema#domain" : [ {
    "@id" : "http://ontology.travelagency.org#Place"
  } ],
  "http://www.w3.org/2000/01/rdf-schema#range" : [ {
    "@id" : "http://ontology.eil.utoronto.ca/icity/Contact/Address"
  } ],
  "http://www.w3.org/2000/01/rdf-schema#subPropertyOf" : [ {
    "@id" : "http://www.w3.org/2002/07/owl#topObjectProperty"
  } ]
}, {
  "@id" : "http://ontology.travelagency.org#HasBussinesInformation",
  "@type" : [ "http://www.w3.org/2002/07/owl#ObjectProperty", "http://www.w3.org/2002/07/owl#FunctionalProperty", "http://www.w3.org/2002/07/owl#IrreflexiveProperty" ],
  "http://www.w3.org/2000/01/rdf-schema#domain" : [ {
    "@id" : "http://ontology.travelagency.org#Travelling_agency"
  } ],
  "http://www.w3.org/2000/01/rdf-schema#range" : [ {
    "@id" : "http://ontology.eil.utoronto.ca/icontact.owl#iContactThing"
  } ],
  "http://www.w3.org/2000/01/rdf-schema#subPropertyOf" : [ {
    "@id" : "http://www.w3.org/2002/07/owl#topObjectProperty"
  } ]
}, {
  "@id" : "http://ontology.travelagency.org#HasCustomer",
  "@type" : [ "http://www.w3.org/2002/07/owl#ObjectProperty", "http://www.w3.org/2002/07/owl#IrreflexiveProperty" ],
  "http://www.w3.org/2000/01/rdf-schema#comment" : [ {
    "@language" : "en",
    "@value" : "One or more customers contacts a travel agency and a travel agency can contact one or more customers"
  } ],
  "http://www.w3.org/2000/01/rdf-schema#domain" : [ {
    "@id" : "http://ontology.travelagency.org#Travelling_agency"
  } ],
  "http://www.w3.org/2000/01/rdf-schema#label" : [ {
    "@language" : "en",
    "@value" : "HasCustomer"
  } ],
  "http://www.w3.org/2000/01/rdf-schema#range" : [ {
    "@id" : "http://ontology.travelagency.org#Customer"
  } ]
}, {
  "@id" : "http://ontology.travelagency.org#HasHoursOfOperation",
  "@type" : [ "http://www.w3.org/2002/07/owl#ObjectProperty", "http://www.w3.org/2002/07/owl#FunctionalProperty", "http://www.w3.org/2002/07/owl#IrreflexiveProperty" ],
  "http://www.w3.org/2000/01/rdf-schema#domain" : [ {
    "@id" : "http://ontology.travelagency.org#POI"
  } ],
  "http://www.w3.org/2000/01/rdf-schema#range" : [ {
    "@id" : "http://ontology.eil.utoronto.ca/icity/Contact/HoursOfOperation"
  } ],
  "http://www.w3.org/2000/01/rdf-schema#subPropertyOf" : [ {
    "@id" : "http://www.w3.org/2002/07/owl#topObjectProperty"
  } ]
}, {
  "@id" : "http://ontology.travelagency.org#HasPersonAddress",
  "@type" : [ "http://www.w3.org/2002/07/owl#ObjectProperty" ],
  "http://www.w3.org/2000/01/rdf-schema#domain" : [ {
    "@id" : "http://ontology.travelagency.org#Person"
  } ],
  "http://www.w3.org/2000/01/rdf-schema#range" : [ {
    "@id" : "http://ontology.eil.utoronto.ca/icity/Contact/Address"
  } ],
  "http://www.w3.org/2000/01/rdf-schema#subPropertyOf" : [ {
    "@id" : "http://www.w3.org/2002/07/owl#topObjectProperty"
  } ]
}, {
  "@id" : "http://ontology.travelagency.org#HasTransportationType",
  "@type" : [ "http://www.w3.org/2002/07/owl#ObjectProperty" ]
}, {
  "@id" : "http://ontology.travelagency.org#Insurance",
  "@type" : [ "http://www.w3.org/2002/07/owl#DatatypeProperty" ],
  "http://www.w3.org/2000/01/rdf-schema#comment" : [ {
    "@language" : "en",
    "@value" : "Insurance details of the booking"
  } ],
  "http://www.w3.org/2000/01/rdf-schema#domain" : [ {
    "@id" : "http://ontology.travelagency.org#Booking"
  } ],
  "http://www.w3.org/2000/01/rdf-schema#label" : [ {
    "@language" : "en",
    "@value" : "Insurance"
  } ],
  "http://www.w3.org/2000/01/rdf-schema#range" : [ {
    "@id" : "http://www.w3.org/2001/XMLSchema#string"
  } ]
}, {
  "@id" : "http://ontology.travelagency.org#LastName",
  "@type" : [ "http://www.w3.org/2002/07/owl#DatatypeProperty" ],
  "http://www.w3.org/2000/01/rdf-schema#comment" : [ {
    "@language" : "en",
    "@value" : "Last name of a person"
  } ],
  "http://www.w3.org/2000/01/rdf-schema#domain" : [ {
    "@id" : "http://ontology.travelagency.org#Person"
  } ],
  "http://www.w3.org/2000/01/rdf-schema#label" : [ {
    "@language" : "en",
    "@value" : "LastName"
  } ],
  "http://www.w3.org/2000/01/rdf-schema#range" : [ {
    "@id" : "http://www.w3.org/2001/XMLSchema#string"
  } ]
}, {
  "@id" : "http://ontology.travelagency.org#Nationality",
  "@type" : [ "http://www.w3.org/2002/07/owl#DatatypeProperty" ],
  "http://www.w3.org/2000/01/rdf-schema#domain" : [ {
    "@id" : "http://ontology.travelagency.org#Customer"
  } ],
  "http://www.w3.org/2000/01/rdf-schema#range" : [ {
    "@id" : "http://www.w3.org/2001/XMLSchema#string"
  } ]
}, {
  "@id" : "http://ontology.travelagency.org#POI",
  "@type" : [ "http://www.w3.org/2002/07/owl#Class" ],
  "http://www.w3.org/2000/01/rdf-schema#comment" : [ {
    "@language" : "en",
    "@value" : "A place of interest that are often visited by tourists"
  } ],
  "http://www.w3.org/2000/01/rdf-schema#label" : [ {
    "@language" : "en",
    "@value" : "POI"
  } ],
  "http://www.w3.org/2000/01/rdf-schema#subClassOf" : [ {
    "@id" : "http://ontology.travelagency.org#Place"
  } ],
  "http://www.w3.org/2002/07/owl#disjointWith" : [ {
    "@id" : "http://ontology.travelagency.org#Person"
  }, {
    "@id" : "http://ontology.travelagency.org#Transportation"
  }, {
    "@id" : "http://ontology.travelagency.org#Travelling_agency"
  } ]
}, {
  "@id" : "http://ontology.travelagency.org#POI_name",
  "@type" : [ "http://www.w3.org/2002/07/owl#DatatypeProperty" ],
  "http://www.w3.org/2000/01/rdf-schema#domain" : [ {
    "@id" : "http://ontology.travelagency.org#POI"
  } ],
  "http://www.w3.org/2000/01/rdf-schema#range" : [ {
    "@id" : "http://www.w3.org/2001/XMLSchema#string"
  } ]
}, {
  "@id" : "http://ontology.travelagency.org#Person",
  "@type" : [ "http://www.w3.org/2002/07/owl#Class" ],
  "http://www.w3.org/2000/01/rdf-schema#comment" : [ {
    "@language" : "en",
    "@value" : "A person is a human being"
  } ],
  "http://www.w3.org/2000/01/rdf-schema#label" : [ {
    "@language" : "en",
    "@value" : "Person"
  } ],
  "http://www.w3.org/2002/07/owl#disjointWith" : [ {
    "@id" : "http://ontology.travelagency.org#Place"
  }, {
    "@id" : "http://ontology.travelagency.org#Transportation"
  }, {
    "@id" : "http://ontology.travelagency.org#Travelling_agency"
  } ]
}, {
  "@id" : "http://ontology.travelagency.org#Place",
  "@type" : [ "http://www.w3.org/2002/07/owl#Class" ],
  "http://www.w3.org/2000/01/rdf-schema#comment" : [ {
    "@language" : "en",
    "@value" : "A place describes a specific location such as a country or a city."
  } ],
  "http://www.w3.org/2000/01/rdf-schema#label" : [ {
    "@language" : "en",
    "@value" : "Place"
  } ],
  "http://www.w3.org/2002/07/owl#disjointWith" : [ {
    "@id" : "http://ontology.travelagency.org#Transportation"
  }, {
    "@id" : "http://ontology.travelagency.org#Travelling_agency"
  } ]
}, {
  "@id" : "http://ontology.travelagency.org#Place_name",
  "@type" : [ "http://www.w3.org/2002/07/owl#DatatypeProperty" ],
  "http://www.w3.org/2000/01/rdf-schema#domain" : [ {
    "@id" : "http://ontology.travelagency.org#Place"
  } ],
  "http://www.w3.org/2000/01/rdf-schema#range" : [ {
    "@id" : "http://www.w3.org/2001/XMLSchema#string"
  } ]
}, {
  "@id" : "http://ontology.travelagency.org#Price",
  "@type" : [ "http://www.w3.org/2002/07/owl#DatatypeProperty" ],
  "http://www.w3.org/2000/01/rdf-schema#comment" : [ {
    "@language" : "en",
    "@value" : "Last name of a person"
  } ],
  "http://www.w3.org/2000/01/rdf-schema#domain" : [ {
    "@id" : "http://ontology.travelagency.org#Booking"
  } ],
  "http://www.w3.org/2000/01/rdf-schema#label" : [ {
    "@language" : "en",
    "@value" : "Price"
  } ],
  "http://www.w3.org/2000/01/rdf-schema#range" : [ {
    "@id" : "http://www.w3.org/2001/XMLSchema#float"
  } ]
}, {
  "@id" : "http://ontology.travelagency.org#Size",
  "@type" : [ "http://www.w3.org/2002/07/owl#DatatypeProperty" ],
  "http://www.w3.org/2000/01/rdf-schema#comment" : [ {
    "@language" : "en",
    "@value" : "The number of guest that can Accomodation in the accommodation at the same time."
  } ],
  "http://www.w3.org/2000/01/rdf-schema#domain" : [ {
    "@id" : "http://ontology.travelagency.org#Accomodation"
  } ],
  "http://www.w3.org/2000/01/rdf-schema#label" : [ {
    "@language" : "en",
    "@value" : "Size"
  } ],
  "http://www.w3.org/2000/01/rdf-schema#range" : [ {
    "@id" : "http://www.w3.org/2001/XMLSchema#int"
  } ]
}, {
  "@id" : "http://ontology.travelagency.org#Social_security_nr",
  "@type" : [ "http://www.w3.org/2002/07/owl#DatatypeProperty" ],
  "http://www.w3.org/2000/01/rdf-schema#comment" : [ {
    "@language" : "en",
    "@value" : "Unique identification number for a person living in a country"
  } ],
  "http://www.w3.org/2000/01/rdf-schema#domain" : [ {
    "@id" : "http://ontology.travelagency.org#Person"
  } ],
  "http://www.w3.org/2000/01/rdf-schema#label" : [ {
    "@language" : "en",
    "@value" : "Social_security_nr"
  } ],
  "http://www.w3.org/2000/01/rdf-schema#range" : [ {
    "@id" : "http://www.w3.org/2001/XMLSchema#integer"
  } ]
}, {
  "@id" : "http://ontology.travelagency.org#StartTimeDate",
  "@type" : [ "http://www.w3.org/2002/07/owl#DatatypeProperty" ],
  "http://www.w3.org/2000/01/rdf-schema#comment" : [ {
    "@language" : "en",
    "@value" : "The time and date that a transportation method leaves the starting point to go to a destination."
  } ],
  "http://www.w3.org/2000/01/rdf-schema#domain" : [ {
    "@id" : "http://ontology.travelagency.org#Transportation"
  } ],
  "http://www.w3.org/2000/01/rdf-schema#label" : [ {
    "@language" : "en",
    "@value" : "StartTimeDate"
  } ],
  "http://www.w3.org/2000/01/rdf-schema#range" : [ {
    "@id" : "http://www.w3.org/2001/XMLSchema#dateTime"
  } ]
}, {
  "@id" : "http://ontology.travelagency.org#Transportation",
  "@type" : [ "http://www.w3.org/2002/07/owl#Class" ],
  "http://www.w3.org/2000/01/rdf-schema#comment" : [ {
    "@language" : "en",
    "@value" : "A vehicle with which a person moves from one place to another with extra help. For example a plane or a train."
  } ],
  "http://www.w3.org/2000/01/rdf-schema#label" : [ {
    "@language" : "en",
    "@value" : "Transportation"
  } ],
  "http://www.w3.org/2002/07/owl#disjointWith" : [ {
    "@id" : "http://ontology.travelagency.org#Travelling_agency"
  } ]
}, {
  "@id" : "http://ontology.travelagency.org#TransportationCapacity",
  "@type" : [ "http://www.w3.org/2002/07/owl#DatatypeProperty" ],
  "http://www.w3.org/2000/01/rdf-schema#comment" : [ {
    "@language" : "en",
    "@value" : "The number of people that a transportation method can transport at a time."
  } ],
  "http://www.w3.org/2000/01/rdf-schema#domain" : [ {
    "@id" : "http://ontology.travelagency.org#Transportation"
  } ],
  "http://www.w3.org/2000/01/rdf-schema#label" : [ {
    "@language" : "en",
    "@value" : "TransportationCapacity"
  } ],
  "http://www.w3.org/2000/01/rdf-schema#range" : [ {
    "@id" : "http://www.w3.org/2001/XMLSchema#int"
  } ]
}, {
  "@id" : "http://ontology.travelagency.org#TransportationPrice",
  "@type" : [ "http://www.w3.org/2002/07/owl#DatatypeProperty" ],
  "http://www.w3.org/2000/01/rdf-schema#comment" : [ {
    "@language" : "en",
    "@value" : "Price a person needs to pay to able to use the transportation."
  } ],
  "http://www.w3.org/2000/01/rdf-schema#domain" : [ {
    "@id" : "http://ontology.travelagency.org#Transportation"
  } ],
  "http://www.w3.org/2000/01/rdf-schema#label" : [ {
    "@language" : "en",
    "@value" : "TransportationPrice"
  } ],
  "http://www.w3.org/2000/01/rdf-schema#range" : [ {
    "@id" : "http://www.w3.org/2001/XMLSchema#int"
  } ]
}, {
  "@id" : "http://ontology.travelagency.org#TransportationType",
  "@type" : [ "http://www.w3.org/2002/07/owl#DatatypeProperty" ],
  "http://www.w3.org/2000/01/rdf-schema#comment" : [ {
    "@language" : "en",
    "@value" : "The type of the transportation. For example a plane or a train."
  } ],
  "http://www.w3.org/2000/01/rdf-schema#domain" : [ {
    "@id" : "http://ontology.travelagency.org#Transportation"
  } ],
  "http://www.w3.org/2000/01/rdf-schema#label" : [ {
    "@language" : "en",
    "@value" : "TransportationType"
  } ],
  "http://www.w3.org/2000/01/rdf-schema#range" : [ {
    "@id" : "http://www.w3.org/2001/XMLSchema#string"
  } ]
}, {
  "@id" : "http://ontology.travelagency.org#Travelling_agency",
  "@type" : [ "http://www.w3.org/2002/07/owl#Class" ],
  "http://www.w3.org/2000/01/rdf-schema#comment" : [ {
    "@language" : "en",
    "@value" : "An agency that does all the logistics for you to arrange a vacation"
  } ],
  "http://www.w3.org/2000/01/rdf-schema#label" : [ {
    "@language" : "en",
    "@value" : "Travelling_agency"
  } ]
}, {
  "@id" : "http://ontology.travelagency.org#WorksAt",
  "@type" : [ "http://www.w3.org/2002/07/owl#ObjectProperty", "http://www.w3.org/2002/07/owl#FunctionalProperty", "http://www.w3.org/2002/07/owl#AsymmetricProperty", "http://www.w3.org/2002/07/owl#IrreflexiveProperty" ],
  "http://www.w3.org/2000/01/rdf-schema#comment" : [ {
    "@language" : "en",
    "@value" : "An employee works at just one agency but an agency has multiple employees"
  } ],
  "http://www.w3.org/2000/01/rdf-schema#domain" : [ {
    "@id" : "http://ontology.travelagency.org#Employee"
  } ],
  "http://www.w3.org/2000/01/rdf-schema#label" : [ {
    "@language" : "en",
    "@value" : "WorksAt"
  } ],
  "http://www.w3.org/2000/01/rdf-schema#range" : [ {
    "@id" : "http://ontology.travelagency.org#Travelling_agency"
  } ]
} ]